{"cameraMode":{"drawMode":0,"name":"Shaded","section":"Shading Mode"},"sceneLighting":true,"audioPlay":false,"sceneViewState":{"showFog":true,"showMaterialUpdate":false,"showSkybox":true,"showFlares":true,"showImageEffects":true,"showParticleSystems":true},"in2DMode":false,"pivot":{"x":39.446022033691409,"y":30.257843017578126,"z":-3.05328106880188},"rotation":{"x":0.13332189619541169,"y":0.6753791570663452,"z":-0.12606246769428254,"w":0.7142804265022278},"size":21.28954315185547,"orthographic":false}