{"cameraMode":{"drawMode":0,"name":"Shaded","section":"Shading Mode"},"sceneLighting":true,"audioPlay":false,"sceneViewState":{"showFog":true,"showMaterialUpdate":false,"showSkybox":true,"showFlares":true,"showImageEffects":true,"showParticleSystems":true},"in2DMode":false,"pivot":{"x":-0.9206805229187012,"y":-35.1540412902832,"z":7.718379497528076},"rotation":{"x":-0.15548303723335267,"y":-0.6800100207328796,"z":0.15094858407974244,"w":-0.7004470229148865},"size":160.86328125,"orthographic":false}