{"cameraMode":{"drawMode":0,"name":"Shaded","section":"Shading Mode"},"sceneLighting":true,"audioPlay":false,"sceneViewState":{"showFog":true,"showMaterialUpdate":false,"showSkybox":true,"showFlares":true,"showImageEffects":true,"showParticleSystems":true},"in2DMode":false,"pivot":{"x":650.8646240234375,"y":-156.43167114257813,"z":13.120211601257325},"rotation":{"x":-0.0775642842054367,"y":-0.7060920000076294,"z":0.07829827815294266,"w":-0.6994907855987549},"size":801.979248046875,"orthographic":false}