{"cameraMode":{"drawMode":0,"name":"Shaded","section":"Shading Mode"},"sceneLighting":true,"audioPlay":false,"sceneViewState":{"showFog":true,"showMaterialUpdate":false,"showSkybox":true,"showFlares":true,"showImageEffects":true,"showParticleSystems":true},"in2DMode":false,"pivot":{"x":-25.86520767211914,"y":6.560318946838379,"z":14.220611572265625},"rotation":{"x":-0.03368230164051056,"y":-0.8077492713928223,"z":0.046363331377506259,"w":-0.5867342948913574},"size":22.0,"orthographic":false}