{"cameraMode":{"drawMode":0,"name":"Shaded","section":"Shading Mode"},"sceneLighting":true,"audioPlay":false,"sceneViewState":{"showFog":true,"showMaterialUpdate":false,"showSkybox":true,"showFlares":true,"showImageEffects":true,"showParticleSystems":true},"in2DMode":false,"pivot":{"x":97.09578704833985,"y":-2.960084915161133,"z":122.70790100097656},"rotation":{"x":-0.09961876273155213,"y":-0.3981556296348572,"z":0.043547358363866809,"w":-0.910852313041687},"size":160.86328125,"orthographic":false}