{"cameraMode":{"drawMode":0,"name":"Shaded","section":"Shading Mode"},"sceneLighting":true,"audioPlay":false,"sceneViewState":{"showFog":true,"showMaterialUpdate":false,"showSkybox":true,"showFlares":true,"showImageEffects":true,"showParticleSystems":true},"in2DMode":false,"pivot":{"x":419.777099609375,"y":-69.35214233398438,"z":357.1106872558594},"rotation":{"x":0.05742591992020607,"y":0.4910220205783844,"z":-0.032460421323776248,"w":0.8686460852622986},"size":736.8607177734375,"orthographic":false}